speaker_id,rows,duration_hours
4,239,0.000000
8,213,0.000000
7,178,0.000000
0,108,0.000000
1,81,0.000000
3,81,0.000000
5,76,0.000000
2,16,0.000000
6,7,0.000000
9,1,0.000000
